"id"	"sitc"	"name"
105722	5722	"Initiating Devices"
105838	5838	"Polymerization Ion Exchangers"
106250	6250	"Rubber tires, tire cases, inner and flaps, for wheels of all kinds"
106251	6251	"Car Tires"
106280	6280	"Other articles of rubber"
106282	6282	"Transmission Belts"
106289	6289	"Miscellaneous Rubber"
106352	6352	"Casks and Barrels"
106418	6418	"Coated Paper"
106572	6572	"Bonded Fiber Fabrics"
106577	6577	"Textiles Fabrics for Machinery"
106631	6631	"Polishing Stones"
106632	6632	"Abrasive Powder"
106645	6645	"Unworked Cast Glass"
106647	6647	"Safety Glass"
106731	6731	"Iron Wire"
106760	6760	"Metal Railway Material"
106781	6781	"Iron Pipes"
106782	6782	"Seamless Iron Tubes"
106784	6784	"High-pressure hydro-electric conduits of steel"
106785	6785	"Iron Tubes"
106793	6793	"Iron and Steel Forging"
106832	6832	"Worked Nickel"
106940	6940	"Fasteners"
106950	6950	"Tools for use in machines or by hand"
106954	6954	"Interchangeable Tool Parts"
106975	6975	"Miscellaneous Indoors Sanitary Ware of Base Metal"
106991	6991	"Locksmith Hardware"
106992	6992	"Metal Chains"
106994	6994	"Metal Springs"
107000	7000	"Machinery and transport equipment"
107100	7100	"Power generating machinery and equipment"
107120	7120	"Steam engines, turbines"
107126	7126	"Steam Power Units"
107129	7129	"Miscellaneous Parts of Steam Power Units"
107130	7130	"Internal combustion piston engines and parts"
107132	7132	"Motor Vehicles Piston Engines"
107133	7133	"Internal Combustion Engines for Boats"
107138	7138	"Miscellaneous Combustion Engines"
107139	7139	"Piston Engine Parts"
107140	7140	"Non-electric engines and motors"
107160	7160	"Rotating electric plant and parts thereof, nes"
107161	7161	"DC Motors"
107162	7162	"Electric Motors and AC Generators"
107163	7163	"Rotary Converters"
107169	7169	"Miscellaneous Rotating Electric Plant Parts"
107187	7187	"Nuclear Reactors"
107188	7188	"Miscellaneous Engines"
107200	7200	"Machinery specialized for specific industries"
107210	7210	"Agricultural machinery (excluding tractors) and parts thereof, nes"
107211	7211	"Soil Preparation Machinery"
107212	7212	"Harvesting Machines"
107213	7213	"Dairy Machinery"
107219	7219	"Miscellaneous Agricultural Machinery"
107220	7220	"Non-road tractors"
107223	7223	"Track Laying Tractors"
107224	7224	"Tractors"
107230	7230	"Civil engineering equipment"
107233	7233	"Road Rollers"
107234	7234	"Construction Machinery"
107239	7239	"Miscellaneous Machinery"
107240	7240	"Textile and leather machinery"
107243	7243	"Sewing Machinery"
107244	7244	"Textile Machinery"
107245	7245	"Yarn Preparing Machines"
107246	7246	"Auxiliary Weaving Machinery"
107247	7247	"Miscellaneous Textile Machinery"
107250	7250	"Paper & pulp mill machinery"
107251	7251	"Cellulose Pulp Making Machines"
107252	7252	"Paper Making Machines"
107259	7259	"Paper Making Machine Parts"
107260	7260	"Printing, bookbinding machinery, and parts thereof, nes"
107263	7263	"Type Setting Machines"
107264	7264	"Printing Presses"
107267	7267	"Miscellaneous Printing Machines"
107268	7268	"Bookbinding Machines"
107269	7269	"Printing Machine Parts"
107271	7271	"Grain Milling Machinery"
107272	7272	"Miscellaneous Food-Processing Machinery"
107280	7280	"Other machinery, equipment, for specialized industries; parts nes"
107281	7281	"Machine Tools for Specialized Industries"
107283	7283	"Miscellaneous Mineral Working Tools"
107284	7284	"Machinery for Specialized Industries"
107300	7300	"Metalworking machinery"
107360	7360	"Metalworking machine-tools, parts and accessories thereof"
107361	7361	"Metal Cutting Machines"
107362	7362	"Metal Forming Machine Tool"
107367	7367	"Miscellaneous Metalworking Machine-Tools"
107368	7368	"Tool Holders"
107369	7369	"Parts of Metalworking Machine Tools"
107370	7370	"Metalworking machinery (other than machine-tools), and parts, nes"
107371	7371	"Miscellaneous Metallurgy Equipment"
107372	7372	"Rolling Mills"
107373	7373	"Miscellaneous Metalworking Machinery"
107400	7400	"General industrial machinery and equipment, nes, and parts of, nes"
107411	7411	"Gas Generators"
107412	7412	"Furnaces"
107413	7413	"Industrial Furnaces and Ovens"
107416	7416	"Miscellaneous Heating and Cooling Equipment"
107420	7420	"Pumps for liquids; liquid elevators; and parts thereof, nes"
107422	7422	"Centrifugal Pumps"
107423	7423	"Rotary Pumps"
107428	7428	"Miscellaneous Pumps"
107429	7429	"Miscellaneous Liquid Pump Parts"
107430	7430	"Pumps, compressors, fans and blowers"
107431	7431	"Air Pumps and Compressors"
107432	7432	"Miscellaneous Pump Parts"
107433	7433	"Free-piston generators for gas turbines and parts"
107434	7434	"Fans and Blowers"
107435	7435	"Centrifuges"
107436	7436	"Filtering and Purifying Machinery"
107439	7439	"Miscellaneous Centrifuge and Filtering Machinery"
107440	7440	"Mechanical handling equipment and parts"
107441	7441	"Factory Trucks"
107442	7442	"Lifting and Loading Machinery"
107449	7449	"Miscellaneous Parts of Lifting Machinery"
107451	7451	"Pneumatic Power Hand Tools"
107452	7452	"Miscellaneous Non-Electrical Machines"
107490	7490	"Non-electric parts and accessories of machinery, nes"
107491	7491	"Roller Bearings"
107492	7492	"Valves"
107493	7493	"Pulley System Parts"
107499	7499	"Miscellaneous Non-Electrical Machinery Parts"
107721	7721	"Circuit Breakers and Panels"
107732	7732	"Electrical Insulators"
107758	7758	"Electric Heating Devices"
107783	7783	"Automotive Electrical Equipment"
107784	7784	"Power Tools"
107800	7800	"Road vehicles"
107810	7810	"Cars"
107821	7821	"Trucks and Vans"
107822	7822	"Special Purpose Trucks and Vans"
107831	7831	"Public Passenger Vehicles"
107832	7832	"Tractor Units"
107840	7840	"Parts & accessories of motor vehicles"
107841	7841	"Chassis with Engines"
107842	7842	"Vehicle Bodies"
107849	7849	"Vehicles Parts and Accessories"
107850	7850	"Motorcycles, scooters and motorized wheelchairs"
107851	7851	"Motorcycles"
107860	7860	"Trailers, and other vehicles, not motorized"
107868	7868	"Non-Mechanically Propelled Vehicles"
107900	7900	"Other transport equipment"
107910	7910	"Railway vehicles and associated equipment"
107911	7911	"Electric Trains"
107913	7913	"Mechanically Propelled Railway"
107914	7914	"Railway Passenger Cars"
107918	7918	"Railway or tramway freight and maintenance cars"
107919	7919	"Railway Track Fixtures and Fittings"
108121	8121	"Central Heating Equipment"
108732	8732	"Non-Electrical Counting Devices"
108741	8741	"Analog Navigation Devices"
108743	8743	"Control Instruments of Gas or Liquid"
108749	8749	"Measuring Instrument Parts"
108812	8812	"Movie Cameras and Equipment"
108935	8935	"Plastic Lamps"
108946	8946	"Non-Military Arms"
108989	8989	"Musical Instrument Parts"
109510	9510	"Armoured Vehicles, Firearms and Ammunition"
116637	6637	"Miscellaneous Refractory Goods"
116648	6648	"Mirrors"
117415	7415	"Air Conditioners"
117421	7421	"Reciprocating Pumps"
117500	7500	"Office machines and automatic data processing equipment"
117510	7510	"Office machines"
117511	7511	"Typewriters"
117512	7512	"Calculating Machines"
117518	7518	"Miscellaneous Office Equipment"
117520	7520	"Automatic data processing machines"
117521	7521	"Analog Computers"
117522	7522	"Personal Computers"
117523	7523	"CPUs"
117524	7524	"Digital storage units"
117525	7525	"Computer Peripherals"
117528	7528	"Miscellaneous Data Processing Equipment"
117590	7590	"Parts, nes of and accessories for machines of headings 751 or 752"
117591	7591	"Parts of Office Machines"
117599	7599	"Computer Parts and Accessories"
117610	7610	"Television receivers"
117611	7611	"Color TVs"
117612	7612	"Black and White TV"
117620	7620	"Radio-broadcast receivers"
117621	7621	"Vehicles Stereos"
117622	7622	"Portable Stereos"
117628	7628	"Miscellaneous Stereo Equipment"
117630	7630	"Sound recording devices"
117631	7631	"Recorded Audio Players"
117638	7638	"Video and Sound Recorders"
117640	7640	"Telecommunication equipment, nes; parts and accessories, nes"
117641	7641	"Telephone Line"
117642	7642	"Audio Amplifiers"
117643	7643	"TV and Radio Transmitters"
117648	7648	"Miscellaneous Telecom Equipment"
117649	7649	"Telecom Parts and Accessories"
117712	7712	"Miscellaneous Power Machinery"
117720	7720	"Electrical apparatus for making and breaking electrical circuits"
117722	7722	"Printed Circuits"
117723	7723	"Electrical Resistors"
117730	7730	"Equipment for distribution of electricity"
117751	7751	"Washing Machines"
117753	7753	"Dishwashers"
117754	7754	"Shavers and Hair Clippers"
117757	7757	"Home Electrical Appliances"
117760	7760	"Thermionic, microcircuits, transistors, valves, etc"
117761	7761	"TV Tubes and Cathode Rays"
117762	7762	"Electronic Valves and Tubes"
117763	7763	"Diodes, Transistors and Photocells"
117764	7764	"Electronic Microcircuits"
117768	7768	"Miscellaneous Electronic Circuit Parts"
117780	7780	"Other electrical machinery"
117781	7781	"Batteries"
117788	7788	"Miscellaneous Electrical Machinery"
118124	8124	"Lighting Fixtures"
118482	8482	"Plastic or Rubber Clothing"
118710	8710	"Optical Instruments"
118740	8740	"Measuring, checking and analysing instruments"
118810	8810	"Photographic apparatus and equipment, nes"
118811	8811	"Cameras"
118813	8813	"Photo and Movie Equipment"
118820	8820	"Photographic and cinematographic supplies"
118841	8841	"Optical Lenses"
118850	8850	"Watches and clocks"
118852	8852	"Clocks"
118900	8900	"Miscellaneous manufactured articles"
118942	8942	"Toys and Games"
118947	8947	"Sporting Goods"
118980	8980	"Musical instruments, parts and accessories thereof"
118981	8981	"Pianos and String Instruments"
118982	8982	"Miscellaneous Musical Instruments"
118983	8983	"Sound Recording Media"
118990	8990	"Other miscellaneous manufactured articles, nes"
126253	6253	"Aircraft Tires"
127131	7131	"Internal Combustion Engines for Aircraft"
127144	7144	"Reaction Engines"
127148	7148	"Miscellaneous Gas Turbines"
127149	7149	"Parts of Gas Turbines and Reaction Engines"
127920	7920	"Aircraft and equipment and parts"
127922	7922	"Small Aircraft"
127923	7923	"Aircraft"
127924	7924	"Large Aircraft"
127928	7928	"Miscellaneous Aircraft Equipment"
127929	7929	"Aircraft Parts and Accessories"
136252	6252	"Large Transport Vehicle Tires"
136254	6254	"Bike Tires"
136259	6259	"Miscellaneous Tire Parts"
136623	6623	"Refractory Bricks"
136644	6644	"Unworked Surface Ground Cast Glass"
136646	6646	"Pressed or Moulded Glass"
136770	6770	"Uninsulated Steel Wire"
136931	6931	"Metal Cables"
137110	7110	"Steam & other vapour generating boilers & parts"
137111	7111	"Steam Water Boilers"
137112	7112	"Condensers"
137119	7119	"Miscellaneous Boiler Parts"
137711	7711	"Electrical Transformers"
137782	7782	"Lightbulbs"
138731	8731	"Gas, Liquid and Electric Meters"
145620	5620	"Fertilizers, manufactured"
145822	5822	"Aminoplasts"
145852	5852	"Miscellaneous Artificial Plastics"
147915	7915	"Rail Freight Transport"
147921	7921	"Helicopters"
147930	7930	"Ships, boats and floating structures"
147931	7931	"Warships"
147932	7932	"Ships and Boats"
147933	7933	"Ships for Disposal"
147938	7938	"Miscellaneous Boats and Floating Structures"
148930	8930	"Articles, nes of plastic materials"
152814	2814	"Roasted Iron Pyrites"
152829	2829	"Waste and scrap metal of iron or steel"
152880	2880	"Non-ferrous base metal waste and scrap, nes"
155224	5224	"Metallic Oxides"
156630	6630	"Mineral manufactures, nes"
156710	6710	"Pig and sponge iron, spiegeleisen, etc, and ferro-alloys"
156712	6712	"Pig and Cast Iron"
156713	6713	"Iron and Steel Powders"
156716	6716	"Ferro-alloys"
156720	6720	"Ingots and other primary forms, of iron or steel"
156724	6724	"Blocks of Iron and Steel"
156725	6725	"Iron Billets"
156727	6727	"Iron Coils"
156730	6730	"Iron and steel bars, rods, shapes and sections"
156733	6733	"Iron Shapes"
156740	6740	"Universals, plates, and sheets, of iron or steel"
156741	6741	"Universal plates of iron or steel"
156744	6744	"Thick Iron Sheets"
156745	6745	"Iron Sheets"
156746	6746	"Thin Iron Sheets"
156747	6747	"Tinned Sheets"
156749	6749	"Miscellaneous Processed Iron"
156750	6750	"Iron or steel hot or cold rolled"
156780	6780	"Tube, pipes and fittings, of iron or steel"
156783	6783	"Miscellaneous Iron Tubes and Pipes"
156790	6790	"Iron, steel casting, forging and stamping, in the rough state, nes"
156822	6822	"Processed Copper"
156863	6863	"Zinc"
156900	6900	"Manufactures of metals, nes"
156920	6920	"Metal containers for storage and transport"
156930	6930	"Wire products (excluding insulated electrical wire); fencing grills"
202400	2400	"Cork and wood"
202450	2450	"Fuel Wood and Charcoal"
202460	2460	"Pulpwood"
202470	2470	"Other wood in the rough or roughly squared"
202471	2471	"Rough Coniferous Logs"
202472	2472	"Non-Coniferous Sawlogs"
202479	2479	"Rough Wood"
202480	2480	"Wood, simply worked, and railway sleepers of wood"
202481	2481	"Railroad Ties"
202482	2482	"Coniferous Wood"
202483	2483	"Non-Coniferous Worked Wood"
202510	2510	"Pulp and waste paper"
203510	3510	"Electric Current"
206000	6000	"Manufactured goods classified chiefly by materials"
206340	6340	"Veneers, plywood, improved wood and other wood, worked, nes"
206341	6341	"Sawn Wood Less Than 5mm Thick"
206342	6342	"Plywood"
206343	6343	"Improved Wood"
206344	6344	"Wood Panels"
206349	6349	"Simply Shaped Wood"
206350	6350	"Wood manufactures, nes"
206351	6351	"Wood Boxes"
206353	6353	"Carpentry Wood"
206359	6359	"Miscellaneous Manufactured Wood Articles"
206410	6410	"Paper and paperboard"
206416	6416	"Fiberboard"
206417	6417	"Tissue Paper"
206420	6420	"Paper and paperboard, precut, and articles of paper or paperboard"
206422	6422	"Correspondence Stationary"
206428	6428	"Miscellaneous Articles of Paper"
206582	6582	"Textile Camping Goods"
206590	6590	"Floor coverings, etc"
206610	6610	"Lime, cement, and fabricated construction materials"
206618	6618	"Fiber Cements"
206620	6620	"Clay and refractory construction materials"
206624	6624	"Building Materials"
206633	6633	"Miscellaneous Mineral Materials"
206649	6649	"Miscellaneous Glass"
206660	6660	"Pottery"
206732	6732	"Iron Bars and Rods"
206842	6842	"Processed Aluminium"
206910	6910	"Structures and parts, nes, of iron, steel or aluminium"
206911	6911	"Iron Structures"
206912	6912	"Aluminium Structures"
206921	6921	"Reservoir Tanks"
206924	6924	"Metal Containers"
206970	6970	"Household equipment of base metal, nes"
206973	6973	"Domestic Non-Electric Stoves"
206990	6990	"Manufactures of base metal, nes"
206996	6996	"Miscellaneous Articles of Base Metals"
206997	6997	"Miscellaneous Articles of Iron"
207414	7414	"Miscellaneous Refrigeration Equipment"
207731	7731	"Electric Wire"
207750	7750	"Household type equipment, nes"
207752	7752	"Household Refrigeration"
207861	7861	"Transportation Containers"
208000	8000	"Miscellaneous manufactured articles"
208120	8120	"Sanitary, plumbing, heating, lighting fixtures and fittings, nes"
208122	8122	"Ceramic Fixtures"
208210	8210	"Furniture and parts thereof"
208211	8211	"Chairs and Couches"
208212	8212	"Medical Furniture"
208219	8219	"Miscellaneous Furniture"
208920	8920	"Printed matter"
208932	8932	"Plastic Sanitary Articles"
208940	8940	"Baby carriages, toys, games and sporting goods"
216576	6576	"Hats"
216597	6597	"Plaited Products"
216640	6640	"Glass"
216643	6643	"Blown Glass"
216650	6650	"Glassware"
216652	6652	"Glassware"
216664	6664	"Porcelain"
216665	6665	"Pottery"
216666	6666	"Miscellaneous Ceramic Ornaments"
216953	6953	"Miscellaneous Hand Tools"
216960	6960	"Cutlery"
216974	6974	"Miscellaneous Domestic Articles of Base Metals"
216978	6978	"Miscellaneous Base Metal Household Appliances"
216993	6993	"Pins and Needles"
217852	7852	"Bicycles"
218842	8842	"Eyewear"
218851	8851	"Watches"
218933	8933	"Plastic Ornaments"
218941	8941	"Baby Carriages"
218950	8950	"Office and stationary supplies, nes"
218951	8951	"Metal Office Products"
218952	8952	"Pens and Pencils"
218959	8959	"Miscellaneous Office and Stationary Supplies"
218960	8960	"Artwork"
218994	8994	"Umbrellas and Canes"
218998	8998	"Miscellaneous Small Wares"
222512	2512	"Mechanical Wood Pulp"
222516	2516	"Dissolving Grade Chemical Wood Pulp"
222517	2517	"Chemical Wood Pulp of Soda or Sulphate"
222518	2518	"Chemical Wood Pulp of sulphite"
222519	2519	"Miscellaneous Cellulosic Pulps"
225851	5851	"Derivatives of Rubber"
225981	5981	"Woods and Resin Chemicals"
226411	6411	"Newsprint"
226412	6412	"Rolls of Paper"
226413	6413	"Kraft Paper"
226415	6415	"Miscellaneous Paper"
300619	"0619"	"Sugar Syrups"
301122	1122	"Miscellaneous Fermented Beverages"
301123	1123	"Beer"
301124	1124	"Liquor"
301221	1221	"Cigars"
305121	5121	"Acyclic Alcohols"
310121	"0121"	"Miscellaneous Animal Entrails"
310483	"0483"	"Pasta"
310484	"0484"	"Baked Goods"
310540	"0540"	"Vegetables, fresh or simply preserved; roots and tubers"
310545	"0545"	"Miscellaneous Vegetables"
310546	"0546"	"Frozen Vegetables"
310560	"0560"	"Vegetables, roots and tubers"
310561	"0561"	"Dried Vegetables"
310564	"0564"	"Flour"
310565	"0565"	"Vegetables"
310570	"0570"	"Fruit and nuts, fresh, dried"
310579	"0579"	"Miscellaneous Fruit"
310580	"0580"	"Fruit, preserved, and fruits preparations"
310583	"0583"	"Fruit Jams"
310585	"0585"	"Fruit or Vegetable Juices"
310586	"0586"	"Temporarily Preserved Fruit"
310589	"0589"	"Prepared Fruit"
310610	"0610"	"Sugar and honey"
310620	"0620"	"Confectionary Sugar"
310730	"0730"	"Chocolate"
310910	"0910"	"Margarine and shortening"
310914	"0914"	"Margarine"
310980	"0980"	"Miscellaneous Edibles"
311110	1110	"Miscellaneous Beverages"
311120	1120	"Alcoholic beverages"
311121	1121	"Wine"
312710	2710	"Fertilizers, crude"
312711	2711	"Crude Fertilizer"
314235	4235	"Olive Oil"
314312	4312	"Hydrogenated Oils"
314313	4313	"Fatty and Oil Acids"
316330	6330	"Cork Products"
316421	6421	"Paper Office Containers"
318931	8931	"Plastic Storage Containers"
402330	2330	"Synthetic rubber, latex; waste, scrap of unhardened rubber"
402332	2332	"Reclaimed and Scrap Rubber"
405831	5831	"Polyethylene"
405832	5832	"Polypropylene"
405834	5834	"Polyvinyl Chloride"
406210	6210	"Rubber Materials"
412713	2713	"Natural Calcium Phosphates"
412733	2733	"Sands"
415221	5221	"Chemical Elements"
415222	5222	"Inorganic Acids and Oxygen Compounds"
415231	5231	"Metallic Salts and Peroxysalts of Inorganic Acids"
415232	5232	"Metallic Salts"
415239	5239	"Inorganic Chemical Products"
415622	5622	"Phosphatic Fertilizers"
415629	5629	"Miscellaneous Fertilizers"
415720	5720	"Explosives and pyrotechnic products"
415721	5721	"Prepared Explosives"
420810	"0810"	"Feed for animals"
420819	"0819"	"Food Waste and Animal Feed"
422652	2652	"Hemp"
423351	3351	"Petroleum Jelly"
425139	5139	"Oxygen-Function Acids"
425330	5330	"Pigments, paints, varnishes and related materials"
425334	5334	"Varnishes and Lacquers"
425335	5335	"Glazes"
425410	5410	"Medicinal and pharmaceutical products"
425413	5413	"Antibiotics"
425414	5414	"Vegetable Alkaloids and Derivatives"
425417	5417	"Medicaments"
425419	5419	"Non-Medicinal Pharmaceutical Products"
425500	5500	"Oils and perfume materials; toilet and cleansing preparations"
425510	5510	"Essential oils, perfume and flavour materials"
425530	5530	"Perfumery and Cosmetics"
425542	5542	"Miscellaneous Organic Surfactants"
425543	5543	"Polishes for Floors, Footwear and Metals"
425821	5821	"Phenoplasts"
425837	5837	"Polyvinyl Acetate"
426419	6419	"Miscellaneous Converted Paper"
426424	6424	"Cut Paper"
426546	6546	"Glass Fiber Fabrics"
426571	6571	"Felt"
426573	6573	"Coated Textile Fabrics"
426579	6579	"Special Products of Textile"
428921	8921	"Printed Books and Maps"
428922	8922	"Newspapers and Journals"
428939	8939	"Miscellaneous Articles of Plastic"
430712	"0712"	"Coffee Extracts"
432712	2712	"Natural Sodium Nitrate"
432714	2714	"Crude Natural Potassium Salts"
432772	2772	"Miscellaneous Natural Abrasives"
433352	3352	"Mineral Tars"
435114	5114	"Non-Halogenated Hydrocarbons Derivatives"
435540	5540	"Soap, cleansing and polishing preparations"
435541	5541	"Soaps"
435621	5621	"Nitrogenous Fertilizers"
435623	5623	"Potassic Fertilizers"
435911	5911	"Insecticides"
435912	5912	"Fungicides"
435913	5913	"Herbicides"
435914	5914	"Disinfectants"
442331	2331	"Synthetic Rubber"
442671	2671	"Regenerated Fiber"
443344	3344	"Fuel oils"
443345	3345	"Lubricating Petroleum Oils"
445100	5100	"Organic chemicals"
445110	5110	"Hydrocarbons, nes, and derivatives"
445111	5111	"Acyclic Hydrocarbons"
445112	5112	"Cyclic Hydrocarbons"
445113	5113	"Halogenated Hydrocarbons"
445120	5120	"Alcohols, phenols etc, and their derivatives"
445122	5122	"Cyclic Alcohols"
445123	5123	"Phenols"
445130	5130	"Carboxylic acids, and their derivatives"
445137	5137	"Monocarboxylic Acids"
445138	5138	"Polycaboxylic Acids"
445140	5140	"Nitrogen-function compounds"
445145	5145	"Amine-Function Compounds"
445146	5146	"Oxygen-Function Amino-Compounds"
445147	5147	"Amide Function Compounds"
445148	5148	"Other Nitrogen Function Compounds"
445150	5150	"Organo-inorganic and heterocyclic compounds"
445154	5154	"Organo-Sulphur Compounds"
445155	5155	"Miscellaneous Organo-Inorganic Compounds"
445156	5156	"Heterocyclic Compounds"
445157	5157	"Sulphonamides, Sultones and Sultams"
445160	5160	"Other organic chemicals"
445161	5161	"Ethers and Acetals"
445162	5162	"Aldehyde, Ketone and Quinone-Function Compounds"
445163	5163	"Inorganic Esters"
445169	5169	"Organic Chemicals"
445220	5220	"Inorganic chemical elements, oxides and halogen salts"
445223	5223	"Halogen and Non-Metal Sulphur Compounds"
445230	5230	"Other inorganic chemicals; compounds of precious metals"
445233	5233	"Precious Metals Compounds"
445249	5249	"Miscellaneous Radioactive Materials"
445310	5310	"Synthetic dye, natural indigo, lakes"
445311	5311	"Dye"
445312	5312	"Synthetic Organic Luminophores"
445320	5320	"Dyeing and tanning extracts, and synthetic tanning materials"
445322	5322	"Tanning Extracts"
445323	5323	"Synthetic Tanning Substances"
445331	5331	"Miscellaneous Coloring Products"
445332	5332	"Printing Ink"
445411	5411	"Vitamins"
445415	5415	"Hormones"
445416	5416	"Glycosides and Vaccines"
445514	5514	"Scented Mixtures"
445800	5800	"Artificial resins and plastic materials, and cellulose esters etc"
445820	5820	"Condensation, polycondensation and polyaddition products"
445824	5824	"Polyamides"
445826	5826	"Epoxide Resins"
445827	5827	"Silicones"
445828	5828	"Ion exchangers of condensation"
445829	5829	"Miscellaneous Condensation Products"
445830	5830	"Polymerization and copolymerization products"
445835	5835	"Copolymers of Vinyl Chloride and Vinyl Acetate"
445836	5836	"Acrylic Polymers"
445839	5839	"Miscellaneous Polymerization Products"
445840	5840	"Regenerated cellulose; derivatives of cellulose; vulcanized fibre"
445841	5841	"Regenerated Cellulose"
445842	5842	"Cellulose Nitrates"
445843	5843	"Cellulose Acetates"
445849	5849	"Cellulose Derivates"
445850	5850	"Other artificial resins and plastic materials"
445910	5910	"Pesticides, disinfectants"
445980	5980	"Miscellaneous chemical products, nes"
445982	5982	"Anti-Corrosive Chemicals"
445983	5983	"Organic Chemical Products"
445989	5989	"Chemical Products"
446281	6281	"Hygienic Rubber Articles"
446641	6641	"Nonoptical Glass Balls, Rods or Tubes"
446642	6642	"Optical Glass"
446871	6871	"Unwrought Tin and Alloys"
446880	6880	"Depleted Uranium"
447740	7740	"Electro-medical and radiological equipment"
447741	7741	"Electrical Medical Equipment"
447742	7742	"X-Ray Equipment"
448720	8720	"Medical Instruments"
448742	8742	"Mathematical Calculation Instruments"
448744	8744	"Analog Instruments for Physical Analysis"
448745	8745	"Measuring Controlling Instruments"
448748	8748	"Miscellaneous Electrical Instruments"
448821	8821	"Photographic Chemicals"
448822	8822	"Photographic Film"
448996	8996	"Orthopedic Devices"
503200	3200	"Coal, coke and briquettes"
503221	3221	"Anthracite"
503222	3222	"Coal"
503223	3223	"Lignite"
503231	3231	"Solid Fuels"
503232	3232	"Coke"
503353	3353	"Mineral Tar Pitch"
512732	2732	"Gypsum and Other Calcareous Stone"
512740	2740	"Sulphur and unroasted iron pyrites"
512741	2741	"Sulphur"
512780	2780	"Other crude minerals"
512784	2784	"Asbestos"
512810	2810	"Iron ore and concentrates"
512815	2815	"Iron Ore"
512816	2816	"Iron Ore Agglomerates"
512860	2860	"Uranium and Thorium"
512870	2870	"Ores and concentrates of base metals"
512871	2871	"Copper Ores"
512872	2872	"Nickel Ores"
512873	2873	"Aluminum Ore"
512877	2877	"Manganese"
512879	2879	"Miscellaneous Non-Ferrous Ores"
512890	2890	"Precious Metal Ores"
515225	5225	"Inorganic Bases"
515240	5240	"Radioactive and associated material"
515241	5241	"Radioactive Chemicals"
516611	6611	"Lime"
516612	6612	"Cement"
516810	6810	"Silver, platinum and other metals of the platinum group"
516811	6811	"Silver"
516820	6820	"Copper"
516821	6821	"Copper"
516830	6830	"Nickel"
516831	6831	"Nickel"
516840	6840	"Aluminium"
516850	6850	"Lead"
516860	6860	"Zinc"
516861	6861	"Unwrought Zinc"
516870	6870	"Tin"
516899	6899	"Unwrought Base Metals"
518973	8973	"Precious Jewellery"
518991	8991	"Carving and Molding Tools"
519710	9710	"Gold"
523300	3300	"Petroleum products"
523330	3330	"Crude Petroleum"
523340	3340	"Petroleum products, refined"
523341	3341	"Light oils"
523342	3342	"Medium oils"
523343	3343	"Gas oils"
523350	3350	"Residual petroleum products, nes and related materials"
523354	3354	"Miscellaneous Bituminous Mixtures"
523410	3410	"Gas, natural and manufactured"
523413	3413	"Liquified Petroleum Gases"
523414	3414	"Petroleum Gases"
542770	2770	"Natural abrasives like industrial diamonds"
542771	2771	"Industrial Diamonds"
546670	6670	"Pearl, precious and semi-precious stones, unworked or worked"
546672	6672	"Diamonds"
546673	6673	"Unmounted Precious Stones"
546674	6674	"Synthetic Precious Stones"
572730	2730	"Stone, sand and gravel"
572731	2731	"Unworked Building Stone"
572734	2734	"Stones"
572742	2742	"Unroasted Iron Pyrites"
572782	2782	"Miscellaneous Clay and Refractory Minerals"
572783	2783	"Salt"
572785	2785	"Quartz"
572786	2786	"Metal Waste"
572789	2789	"Miscellaneous Crude Minerals"
572874	2874	"Lead Ore"
572875	2875	"Zinc Ore"
572876	2876	"Tin"
572881	2881	"Ash and Residues"
572882	2882	"Miscellaneous Non-Iron Waste"
573415	3415	"Coal and Water Gas"
576671	6671	"Unmounted Pearls"
576794	6794	"Rough Iron Castings"
576812	6812	"Platinum"
576841	6841	"Aluminum"
576851	6851	"Unwrought Lead"
576852	6852	"Worked Lead"
576872	6872	"Worked Tin and Alloys"
576891	6891	"Unwrought Tungsten, Molybdenum, Tantalum and Magnesium"
576998	6998	"Miscellaneous Metal Articles"
578974	8974	"Miscellaneous Articles of Precious Metals"
602610	2610	"Silk"
602613	2613	"Raw Silk"
602614	2614	"Worm Cocoons"
602651	2651	"Flax"
602666	2666	"Continuous Synthetic Fibres"
602667	2667	"Carded Discontinuous Synthetic Fibres"
606500	6500	"Textile yarn, fabrics, made-up articles, nes, and related products"
606510	6510	"Textile yarn"
606511	6511	"Silk Yarn"
606513	6513	"Cotton Yarn"
606514	6514	"Non-retail Synthetic Yarn"
606515	6515	"Retail Yarn of More Than 85% Synthetic Fiber"
606516	6516	"Yarn of Less Than 85% Synthetic Fibers"
606517	6517	"Yarn of Regenerated Fibers"
606518	6518	"Yarn of Regenerated Fibres"
606519	6519	"Yarn of Textile Fibers"
606520	6520	"Cotton fabrics, woven (not including narrow or special fabrics)"
606521	6521	"Unbleached Cotton Woven Fabrics"
606522	6522	"Finished Cotton Fabrics"
606530	6530	"Fabrics, woven, of man-made fibres (not narrow or special fabrics)"
606531	6531	"Synthetic Woven Fabrics"
606532	6532	"Woven Fabrics of More Than 85% Discontinuous Synthetic Fiber"
606534	6534	"Woven Fabric of less than 85% Discontinuous Synthetic Fibres"
606535	6535	"Continuous Regenerated Woven Fabrics"
606536	6536	"Fabrics of more than 85% discontinuous regenerated fibres"
606538	6538	"Fabrics of less than 85% continuous regenerated fibres"
606539	6539	"Pile and Chenille Fabrics"
606540	6540	"Woven textile fabrics"
606541	6541	"Silk Woven Fabrics"
606542	6542	"Woven Frabrics of More Than 85% Wool"
606543	6543	"Miscellaneous Wool Woven Fabrics"
606544	6544	"Flax Fabrics"
606549	6549	"Miscellaneous Woven Fabrics"
606550	6550	"Knitted or crocheted fabrics (including tubular, etc, fabrics)"
606551	6551	"Knitted Synthetic Fibres"
606553	6553	"Elastic Knitted Fibres"
606570	6570	"Special textile fabrics and related products"
606583	6583	"Blankets"
606592	6592	"Knotted Carpets"
606593	6593	"Hand Woven Rugs"
612633	2633	"Cotton Waste"
612690	2690	"Rags"
616123	6123	"Footwear Parts"
616354	6354	"Decorative Wood"
616552	6552	"Natural Knitted Fibric"
616560	6560	"Embroidery"
616574	6574	"Elastic Fabrics and Trimming"
616575	6575	"Ropes and Cables"
616580	6580	"Made-up articles, wholly or chiefly of textile materials, nes"
616581	6581	"Textile Bags"
616584	6584	"Linens"
616589	6589	"Miscellaneous Textile Articles"
616594	6594	"Wool Carpets"
616596	6596	"Miscellaneous Carpets"
618310	8310	"Luggage"
618400	8400	"Articles of apparel and clothing accessories"
618420	8420	"Men's and boys' outerwear, textile fabrics not knitted or crocheted"
618421	8421	"Men's Coats"
618422	8422	"Men's Suits"
618423	8423	"Men's Pants"
618424	8424	"Men's Jackets"
618429	8429	"Miscellaneous Men's Outerwear"
618430	8430	"Womens, girls, infants outerwear, textile, not knitted or crocheted"
618431	8431	"Women's Coats"
618432	8432	"Women's Suits"
618433	8433	"Dresses"
618434	8434	"Skirts"
618435	8435	"Blouses"
618439	8439	"Miscellaneous Feminine Outerwear"
618440	8440	"Under garments of textile fabrics, not knitted or crocheted"
618441	8441	"Men's Shirts"
618442	8442	"Men's Underwear"
618443	8443	"Women's Underwear"
618450	8450	"Articles of apparel, of textile fabrics, whether or not knitted or crocheted"
618451	8451	"Knitted Outerwear"
618452	8452	"Women's Knitted Outerwear"
618459	8459	"Miscellaneous Knitted Outerwear"
618460	8460	"Under-garments, knitted or crocheted"
618461	8461	"Wool Undergarments"
618462	8462	"Cotton Undergarments"
618463	8463	"Synthetic Knitted Undergarments"
618464	8464	"Undergarments of Other Fibres"
618465	8465	"Lingerie"
618470	8470	"Clothing accessories, of textile fabrics, nes"
618471	8471	"Textile Fabrics Clothing Accessories"
618472	8472	"Knit Clothing Accessories"
618480	8480	"Articles of apparel, clothing accessories, non-textile, headgear"
618481	8481	"Leather Accessories"
618484	8484	"Headgear"
618510	8510	"Footwear"
618997	8997	"Basketwork"
700410	"0410"	"Wheat and meslin, unmilled"
700411	"0411"	"Durum Wheat"
700412	"0412"	"Miscellaneous Wheat"
700430	"0430"	"Unmilled Barley"
700440	"0440"	"Maize"
700450	"0450"	"Cereals, unmilled"
700480	"0480"	"Cereal, flour or starch preparations of fruits or vegetables"
700740	"0740"	"Tea and mate"
700742	"0742"	"Mat√©"
700813	"0813"	"Oilcake"
702200	2200	"Oil seeds and oleaginous fruit"
702222	2222	"Soy Beans"
702224	2224	"Sunflower Seeds"
702226	2226	"Rape Seeds"
702230	2230	"Seeds and oleaginous fruit, whole or broken, for other fixed oils"
702234	2234	"Linseed"
702238	2238	"Miscellaneous Oil Seeds and Fruits"
702239	2239	"Oil Seeds Flour"
704200	4200	"Fixed vegetable oils and fats"
704230	4230	"Fixed vegetable oils, soft, crude refined or purified"
704232	4232	"Soy Bean Oil"
704234	4234	"Peanut Oil"
704236	4236	"Sunflower Seed Oil"
704239	4239	"Miscellaneous Vegetable Oils"
704240	4240	"Other fixed vegetable oils, fluid or solid, crude, refined"
704241	4241	"Linseed Oil"
704245	4245	"Castor Oil"
704249	4249	"Fixed Vegetable Oils"
704310	4310	"Animal and vegetable oils and fats, processed, and waxes"
704311	4311	"Processed Animal and Vegetable Oils"
705513	5513	"Essential Oils"
710420	"0420"	"Rice"
710421	"0421"	"Rice"
710422	"0422"	"Milled Rice"
710459	"0459"	"Miscellaneous Unmilled Cereals"
710577	"0577"	"Nuts"
710741	"0741"	"Tea"
710811	"0811"	"Hay"
712221	2221	"Green Groundnuts"
712223	2223	"Cotton Seeds"
712225	2225	"Sesame Seeds"
712235	2235	"Castor Oil Seeds"
712630	2630	"Cotton"
712631	2631	"Raw Cotton"
712632	2632	"Cotton Linters"
712634	2634	"Cotton"
712640	2640	"Jute"
712650	2650	"Vegetable textile fibres, excluding cotton, jute, and waste"
712654	2654	"Agave Fibers"
712670	2670	"Other man-made fibres suitable for spinning, and waste"
712922	2922	"Natural Gums"
714233	4233	"Cotton Seed Oil"
716545	6545	"Jute Woven Fabrics"
720573	"0573"	"Bananas"
720611	"0611"	"Cane Sugar"
720720	"0720"	"Cocoa"
720721	"0721"	"Cocoa Beans"
720722	"0722"	"Unsweetened Cocoa Powder"
720723	"0723"	"Cocoa Butter"
722231	2231	"Copra"
722232	2232	"Palm Nuts and Kernels"
722320	2320	"Natural Rubber"
722659	2659	"Miscellaneous Vegetable Textile Fibres"
722925	2925	"Planting Seeds and Spores"
722926	2926	"Live Plants"
722927	2927	"Flowers"
724242	4242	"Palm Oil"
724243	4243	"Coconut Oil"
724244	4244	"Palm Kernel Oil"
724314	4314	"Waxes"
731210	1210	"Tobacco unmanufactured; tobacco refuse"
731211	1211	"Unstripped Tobacco"
731212	1212	"Stripped Tobacco"
731213	1213	"Tobacco Refuse"
731220	1220	"Manufactured tobacco"
731222	1222	"Cigarretes"
731223	1223	"Tobacco Substitutes"
732655	2655	"Manila Hemp"
740571	"0571"	"Oranges"
740572	"0572"	"Miscellaneous Citrus"
740574	"0574"	"Apples"
740575	"0575"	"Grapes and Raisins"
750452	"0452"	"Unmilled Oats"
750460	"0460"	"Wheat Flour"
750470	"0470"	"Non-Wheat Cereal Flour"
750481	"0481"	"Miscellaneous Cereal Grains"
750482	"0482"	"Malt"
750488	"0488"	"Malt Extract"
750541	"0541"	"Potatoes"
750542	"0542"	"Legumes"
750544	"0544"	"Tomatoes"
750548	"0548"	"Miscellaneous Root and Tuber Vegetables"
750576	"0576"	"Figs"
750582	"0582"	"Fruit Preserved by Sugar"
750612	"0612"	"Refined Sugars"
750615	"0615"	"Molasses"
750710	"0710"	"Coffee and coffee substitutes"
750711	"0711"	"Coffee"
750750	"0750"	"Spices"
750751	"0751"	"Pepper"
750752	"0752"	"Spices"
750812	"0812"	"Bran and Other Cereals Residues"
752440	2440	"Raw Cork"
752923	2923	"Vegetable Plaiting Materials"
752924	2924	"Pharmaceutical Flora"
752929	2929	"Miscellaneous Vegetable Origin Materials"
800140	"0140"	"Preserved fish"
800340	"0340"	"Fish"
800341	"0341"	"Fresh Fish"
800342	"0342"	"Frozen Fish"
800343	"0343"	"Fish fillets"
800344	"0344"	"Frozen Fish Fillets"
800350	"0350"	"Fish, preserved"
800360	"0360"	"Crustaceans and Molluscs"
800370	"0370"	"Fish, crustaceans and molluscs, misc"
800371	"0371"	"Miscellaneous Fish"
800372	"0372"	"Crustaceans and molluscs, misc"
800814	"0814"	"Inedible Flours of Meat and Fish"
802911	2911	"Bones, Ivory and Horns"
804110	4110	"Animal oils and fats"
804111	4111	"Fat and Oils of Marine Animals"
810011	"0011"	"Bovine"
810012	"0012"	"Sheep and goat"
810013	"0013"	"Swine"
810014	"0014"	"Poultry"
810015	"0015"	"Equine"
810019	"0019"	"live animals used for food, misc"
810111	"0111"	"Bovine meat"
810112	"0112"	"Sheep and Goat Meat"
810113	"0113"	"Pig Meat"
810114	"0114"	"Poultry meat"
810115	"0115"	"Horse Meat"
810116	"0116"	"Bovine and Equine Entrails"
810118	"0118"	"Animal meat, misc"
810120	"0120"	"Preserved meat"
810129	"0129"	"Preserved meat"
810141	"0141"	"Meat and fish extract"
810142	"0142"	"Sausage"
810149	"0149"	"Miscellaneous Prepared Meats"
810250	"0250"	"Eggs"
810251	"0251"	"Eggs, in shell"
810252	"0252"	"Eggs, Shelled"
810616	"0616"	"Honey"
810913	"0913"	"Lard"
814113	4113	"Miscellaneous Animal Oils"
816130	6130	"Tanned Furskins"
818483	8483	"Fur Clothing"
822680	2680	"Wool and other animal hair (excluding tops)"
822681	2681	"Greasy Wool"
822682	2682	"Degreased Sheep Wool"
822683	2683	"Fine Animal Hair"
822685	2685	"Coarse Animal Hair"
822686	2686	"Wood and Animal Hair Waste"
822687	2687	"Carded Animal Hair"
822910	2910	"Crude animal materials"
822920	2920	"Crude vegetable materials, nes"
826512	6512	"Wool Yarn"
830220	"0220"	"Milk and cream"
830223	"0223"	"Milk"
830224	"0224"	"Preserved Milk"
830230	"0230"	"Butter"
830231	"0231"	"Butter products"
830240	"0240"	"Cheese"
830451	"0451"	"Unmilled Rye"
832120	2120	"Raw Furs"
835922	5922	"Glues"
842110	2110	"Hides and skins, excluding furs, raw"
842111	2111	"Raw Hides of Bovine and Equine"
842112	2112	"Raw Calf Skins"
842114	2114	"Raw Goat Skins"
842116	2116	"Raw Sheep Skin with Wool"
842117	2117	"Raw Sheep Skin without Wool"
842119	2119	"Miscellaneous Hides and Skins"
842919	2919	"Miscellaneous Animal Origin Materials"
846110	6110	"Leather"
846113	6113	"Calf leather"
846114	6114	"Bovine and Equine Leather"
846115	6115	"Sheep and Lamb Leather"
846116	6116	"Leather of Miscellaneous Animal Hides"
846118	6118	"Finished Leather"
846120	6120	"Manufactures of leather or of composition leather, nes; etc"
846121	6121	"Leather Articles Used in Machinery"
846129	6129	"Miscellaneous Articles of Leather"
902511	2511	"Waste Paper"
902665	2665	"Uncarded Discontinuous Synthetic Fibers"
902672	2672	"Waste of Man-Made Fibres"
902820	2820	"Iron Waste"
903220	3220	"Coal, lignite and peat"
903224	3224	"Peat"
905723	5723	"Pyrotechnic Articles"
905823	5823	"Polyesters"
905825	5825	"Polyurethanes"
905833	5833	"Polystyrene"
905921	5921	"Starches"
906112	6112	"Leather Sheets or Rolls"
906122	6122	"Saddlery and Harness"
906423	6423	"Notebooks"
906591	6591	"Linoleum"
906595	6595	"Miscellaneous Man Made Carpets"
906613	6613	"Worked Building Stone"
906635	6635	"Mineral Wool"
906638	6638	"Asbestos Products"
906639	6639	"Miscellaneous Ceramic Articles"
906651	6651	"Glass Bottles"
906658	6658	"Miscellaneous Articles of Glass"
906932	6932	"Barbed Wire"
906935	6935	"Gauze and Netting"
906951	6951	"Farming Hand Tools"
906999	6999	"Miscellaneous Base Metal Manufactures"
907248	7248	"Leather Tanning Machinery"
907853	7853	"Wheelchairs"
907912	7912	"Miscellaneous Rail Locomotives"
908830	8830	"Developed Cinema Film"
908924	8924	"Cards and Decals"
908928	8928	"Miscellaneous Printed Matter"
908970	8970	"Jewellery, gold and other articles of precious metal"
908972	8972	"Imitation Jewellery"
908993	8993	"Candles and Matches"
908999	8999	"Miscellaneous Manufactured Goods"
909110	9110	"Postal packages"
909310	9310	"Unclassified Transactions"
909410	9410	"Miscellaneous Live Animals"
909610	9610	"Non-Gold Coin"
"xx0010"	"0010"	"Live animals chiefly for food"
"xx0110"	"0110"	"Meat"
